"","distance","location","Model"
"658",1.12273942298514,"parker","Pots"
"659",1.08571091440865,"parker","Pots"
"660",1.04132342800312,"parker","Pots"
"661",1.05857824494005,"parker","Pots"
"662",1.09227148535686,"parker","Pots"
"663",1.11566117552657,"parker","Pots"
"664",1.0693569321047,"parker","Pots"
"665",1.02791399303741,"parker","Pots"
"666",0.998809446856754,"parker","Pots"
"667",1.07723563536739,"parker","Pots"
"668",1.04785994281936,"parker","Pots"
"669",1.02238628453714,"parker","Pots"
"670",1.06490574974474,"parker","Pots"
"671",1.10343920741778,"parker","Pots"
"672",1.0875452112936,"parker","Pots"
"673",1.11967925908787,"parker","Pots"
"674",1.05689552827342,"parker","Pots"
"675",1.02015700656129,"parker","Pots"
"676",1.08394966311062,"parker","Pots"
"677",1.10505196419521,"parker","Pots"
"678",1.06248350394978,"parker","Pots"
"679",1.02841883621968,"parker","Pots"
"680",0.995750184280207,"parker","Pots"
"681",0.984590608730396,"parker","Pots"
"682",1.00485703905701,"parker","Pots"
"683",1.04006844612414,"parker","Pots"
"684",1.07090421445307,"parker","Pots"
"685",1.07454213775401,"parker","Pots"
"686",1.04405221102674,"parker","Pots"
"687",1.03255177643512,"parker","Pots"
"688",1.00527695700671,"parker","Pots"
"689",0.846366468651488,"parker","Pots"
"690",0.738918032213628,"parker","Pots"
"691",0.724905320722169,"parker","Pots"
"692",0.733507834239212,"parker","Pots"
"693",0.742275995612824,"parker","Pots"
"694",0.880294725982414,"parker","Pots"
"695",0.865056045415085,"parker","Pots"
"696",0.862649389340838,"parker","Pots"
"697",0.838496248191806,"parker","Pots"
"698",0.832854404024486,"parker","Pots"
"699",0.748004546237219,"parker","Pots"
"700",0.743725691237535,"parker","Pots"
"701",0.610139303815599,"parker","Pots"
"702",0.637153985705555,"parker","Pots"
"703",0.664098927369038,"parker","Pots"
"704",0.635287418733556,"parker","Pots"
"705",0.613460584624715,"parker","Pots"
"706",0.576202302752508,"parker","Pots"
"707",0.593807642636307,"parker","Pots"
"708",0.633429063431448,"parker","Pots"
"709",0.681873700393488,"parker","Pots"
"710",0.515536869804194,"parker","Pots"
"711",0.521944858456486,"parker","Pots"
"712",0.545722835000411,"parker","Pots"
"713",0.56353396900849,"parker","Pots"
"718",1.40557717610129,"parker","Pots"
"719",1.45919569503392,"parker","Pots"
"720",1.36161627318282,"parker","Pots"
"721",1.40947303881061,"parker","Pots"
"722",1.44659543939108,"parker","Pots"
"723",1.55063126006609,"parker","Pots"
"724",1.35757354887646,"parker","Pots"
"725",1.53249452540425,"parker","Pots"
"726",1.61023307947343,"parker","Pots"
"727",1.65071619799474,"parker","Pots"
"728",1.66331492879967,"parker","Pots"
"729",1.71860791191735,"parker","Pots"
"730",1.83118013900122,"parker","Pots"
"731",1.93778895280683,"parker","Pots"
"732",2.09835116899293,"parker","Pots"
"733",2.25080568930109,"parker","Pots"
"734",2.4767438413775,"parker","Pots"
"735",2.64454558397725,"parker","Pots"
"736",2.69561940541088,"parker","Pots"
"737",2.76047693009172,"parker","Pots"
"738",2.8191216948721,"parker","Pots"
"739",2.83472271000147,"parker","Pots"
"740",2.85007466423942,"parker","Pots"
"741",2.8876938860985,"parker","Pots"
"742",2.92689363897976,"parker","Pots"
"743",2.94095408307128,"parker","Pots"
"744",2.95549739605006,"parker","Pots"
"745",2.86662657292849,"parker","Pots"
"264",2.09847119881533,"green","Pots"
"265",2.05650043391023,"green","Pots"
"266",2.05893330576313,"green","Pots"
"267",2.01909184663614,"green","Pots"
"268",2.00897776838777,"green","Pots"
"269",1.97999173004471,"green","Pots"
"270",1.83889285514138,"green","Pots"
"271",2.49955937291267,"green","Pots"
"272",2.52213163314647,"green","Pots"
"273",2.48819010882156,"green","Pots"
"274",2.09959438280877,"green","Pots"
"275",2.13778714485182,"green","Pots"
"276",2.15329887298082,"green","Pots"
"277",2.19373388422777,"green","Pots"
"278",2.16550887688244,"green","Pots"
"279",2.1122291744202,"green","Pots"
"280",2.0649216533877,"green","Pots"
"281",2.03536059082757,"green","Pots"
"282",1.99268457676269,"green","Pots"
"283",2.01842631356581,"green","Pots"
"284",1.94843427722511,"green","Pots"
"285",1.96853711320361,"green","Pots"
"286",1.91609036313573,"green","Pots"
"287",1.96574391959302,"green","Pots"
"288",2.01332997580181,"green","Pots"
"289",2.14667734382965,"green","Pots"
"290",2.07671279396442,"green","Pots"
"291",2.0297804715743,"green","Pots"
"292",2.14506635339091,"green","Pots"
"293",2.11598196030165,"green","Pots"
"294",2.13353342981912,"green","Pots"
"295",2.04799721470892,"green","Pots"
"714",0.780134189813248,"green","Pots"
"715",0.730509321268696,"green","Pots"
"716",0.524958358962427,"green","Pots"
"717",0.524906294675697,"green","Pots"
"12",3.27029509340336,"armstrong","Pots"
"14",3.33079215213237,"armstrong","Pots"
"20",2.99928821651517,"armstrong","Pots"
"23",3.09302116308594,"armstrong","Pots"
"24",3.03338853491504,"armstrong","Pots"
"25",3.03338853491504,"armstrong","Pots"
"26",2.95368503836802,"armstrong","Pots"
"27",2.99719690623752,"armstrong","Pots"
"28",3.04402889092728,"armstrong","Pots"
"29",3.09877359250214,"armstrong","Pots"
"33",3.14670827703311,"armstrong","Pots"
"34",3.10724857413997,"armstrong","Pots"
"35",3.05491272858101,"armstrong","Pots"
"36",3.0085767773789,"armstrong","Pots"
"37",3.12973994399921,"armstrong","Pots"
"38",3.08874868193792,"armstrong","Pots"
"39",3.04054066552472,"armstrong","Pots"
"40",3.05988227939972,"armstrong","Pots"
"41",3.16849576607069,"armstrong","Pots"
"42",3.16858854583364,"armstrong","Pots"
"43",3.1316168848094,"armstrong","Pots"
"44",2.89301629795317,"armstrong","Pots"
"45",2.84411490204,"armstrong","Pots"
"46",2.89506996302738,"armstrong","Pots"
"47",2.85865004085489,"armstrong","Pots"
"48",2.81454345919618,"armstrong","Pots"
"49",2.82564984303655,"armstrong","Pots"
"50",2.85470058365846,"armstrong","Pots"
"51",2.81845665026819,"armstrong","Pots"
"52",2.86709053795394,"armstrong","Pots"
"53",2.92401284780562,"armstrong","Pots"
"54",2.90466695719323,"armstrong","Pots"
"55",2.86201577223242,"armstrong","Pots"
"56",2.8417896912094,"armstrong","Pots"
"57",2.81541038257366,"armstrong","Pots"
"58",2.84738440759084,"armstrong","Pots"
"59",2.90324953624091,"armstrong","Pots"
"60",2.68396245800977,"armstrong","Pots"
"61",2.65957538715771,"armstrong","Pots"
"62",2.63349689629435,"armstrong","Pots"
"63",2.60449028522357,"armstrong","Pots"
"64",2.64177169199662,"armstrong","Pots"
"65",2.65914229787325,"armstrong","Pots"
"66",2.61164734163963,"armstrong","Pots"
"67",2.65007389789955,"armstrong","Pots"
"68",2.66888988737649,"armstrong","Pots"
"69",2.69022202502032,"armstrong","Pots"
"70",2.71357906500302,"armstrong","Pots"
"71",2.73355948303504,"armstrong","Pots"
"72",2.70700058172256,"armstrong","Pots"
"73",2.68634426976925,"armstrong","Pots"
"74",2.7139937705039,"armstrong","Pots"
"75",2.7398836033397,"armstrong","Pots"
"76",2.74465177195486,"armstrong","Pots"
"77",2.77168107879873,"armstrong","Pots"
"78",2.65134536160347,"armstrong","Pots"
"79",2.69187930930286,"armstrong","Pots"
"80",2.72562151965412,"armstrong","Pots"
"81",2.61997290117113,"armstrong","Pots"
"82",2.74851787952116,"armstrong","Pots"
"83",2.77870571179476,"armstrong","Pots"
"84",2.7611530775424,"armstrong","Pots"
"85",2.67779401670887,"armstrong","Pots"
"86",2.71669961597021,"armstrong","Pots"
"87",2.47571064288811,"armstrong","Pots"
"88",2.46287873370313,"armstrong","Pots"
"89",2.45074126225871,"armstrong","Pots"
"90",2.43741213245669,"armstrong","Pots"
"91",2.47377422441609,"armstrong","Pots"
"92",2.50583674511585,"armstrong","Pots"
"93",2.50326760966025,"armstrong","Pots"
"94",2.45968895030359,"armstrong","Pots"
"95",2.4188279066321,"armstrong","Pots"
"96",2.46786217126945,"armstrong","Pots"
"97",2.42270382387966,"armstrong","Pots"
"98",2.44906654151432,"armstrong","Pots"
"99",2.40305809640281,"armstrong","Pots"
"100",2.4185438737059,"armstrong","Pots"
"101",2.44367233937653,"armstrong","Pots"
"102",2.53412967234896,"armstrong","Pots"
"103",2.52241767876477,"armstrong","Pots"
"104",2.50687426010396,"armstrong","Pots"
"105",2.55356489670989,"armstrong","Pots"
"106",2.5352543706186,"armstrong","Pots"
"107",2.5114417289813,"armstrong","Pots"
"108",2.55550335097479,"armstrong","Pots"
"109",2.55229152893258,"armstrong","Pots"
"110",2.58669523918704,"armstrong","Pots"
"111",2.57237473776679,"armstrong","Pots"
"112",2.60286392025818,"armstrong","Pots"
"113",2.62713381548145,"armstrong","Pots"
"114",2.60988162991941,"armstrong","Pots"
"115",2.58265643329962,"armstrong","Pots"
"116",2.54181394918057,"armstrong","Pots"
"117",2.50672729178659,"armstrong","Pots"
"118",2.59028165771261,"armstrong","Pots"
"119",2.65260668804637,"armstrong","Pots"
"120",2.62629648332646,"armstrong","Pots"
"121",2.60487205454721,"armstrong","Pots"
"122",2.64604748976878,"armstrong","Pots"
"123",2.65354129626974,"armstrong","Pots"
"124",2.39767430872437,"armstrong","Pots"
"125",2.37259031442839,"armstrong","Pots"
"126",2.3726470749243,"armstrong","Pots"
"127",2.36002472627648,"armstrong","Pots"
"128",2.38706158749935,"armstrong","Pots"
"129",2.34468890844858,"armstrong","Pots"
"130",2.37080680071058,"armstrong","Pots"
"131",2.31249835847676,"armstrong","Pots"
"132",2.31315192779801,"armstrong","Pots"
"133",2.33846727225875,"armstrong","Pots"
"134",2.33667530303285,"armstrong","Pots"
"135",2.30460841056103,"armstrong","Pots"
"136",2.27896219928842,"armstrong","Pots"
"137",2.31439137089308,"armstrong","Pots"
"138",2.34673590259009,"armstrong","Pots"
"139",2.18986199950388,"armstrong","Pots"
"140",2.21754661241979,"armstrong","Pots"
"141",2.20542265595271,"armstrong","Pots"
"142",2.16822447242214,"armstrong","Pots"
"143",1.97804273270797,"armstrong","Pots"
"144",1.93816967907849,"armstrong","Pots"
"145",2.051600658334,"armstrong","Pots"
"146",2.00862457870552,"armstrong","Pots"
"147",1.97869744255392,"armstrong","Pots"
"148",1.96246050052502,"armstrong","Pots"
"149",1.99196358899149,"armstrong","Pots"
"150",2.02481059089547,"armstrong","Pots"
"151",2.04811653265874,"armstrong","Pots"
"152",1.99744001985053,"armstrong","Pots"
"438",1.3399070485186,"armstrong","Pots"
"439",1.2899094729915,"armstrong","Pots"
"440",1.35701375105945,"armstrong","Pots"
"441",1.17549926470925,"armstrong","Pots"
"442",1.31668555687797,"armstrong","Pots"
"443",1.3472357950073,"armstrong","Pots"
"444",1.3799136081069,"armstrong","Pots"
"445",1.41757351926661,"armstrong","Pots"
"446",1.48416330105832,"armstrong","Pots"
"447",1.51256182355981,"armstrong","Pots"
"448",1.50729831534633,"armstrong","Pots"
"449",1.57924187811711,"armstrong","Pots"
"450",1.63415323805103,"armstrong","Pots"
"451",1.66307585187861,"armstrong","Pots"
"452",1.77344537636327,"armstrong","Pots"
"453",1.73956149560895,"armstrong","Pots"
"454",1.63660166980361,"armstrong","Pots"
"455",1.71035950641179,"armstrong","Pots"
"456",1.69266180362984,"armstrong","Pots"
"457",1.79593806230762,"armstrong","Pots"
"458",1.82353014239875,"armstrong","Pots"
"459",1.85781507965452,"armstrong","Pots"
"460",1.79907560864178,"armstrong","Pots"
"461",1.79907560864178,"armstrong","Pots"
"462",1.84160175035004,"armstrong","Pots"
"463",1.85563808033606,"armstrong","Pots"
"464",1.88292418256254,"armstrong","Pots"
"465",1.89696904797768,"armstrong","Pots"
"466",1.84582448437762,"armstrong","Pots"
"467",1.89526864042635,"armstrong","Pots"
"468",1.96605270635378,"armstrong","Pots"
"469",1.95349786346863,"armstrong","Pots"
"470",1.98647990118357,"armstrong","Pots"
"471",1.99018831822486,"armstrong","Pots"
"472",1.98441092606338,"armstrong","Pots"
"473",2.01529630109392,"armstrong","Pots"
"474",2.05766537649772,"armstrong","Pots"
"475",2.03504243563433,"armstrong","Pots"
"476",2.03080204032788,"armstrong","Pots"
"477",2.07946425419959,"armstrong","Pots"
"478",2.0703913867791,"armstrong","Pots"
"479",2.08152845319011,"armstrong","Pots"
"480",2.14967996757648,"armstrong","Pots"
"481",2.1134375290148,"armstrong","Pots"
"482",2.21399205948728,"armstrong","Pots"
"483",2.23063252821967,"armstrong","Pots"
"484",2.22575453447823,"armstrong","Pots"
"485",2.31073259268125,"armstrong","Pots"
"486",2.29187791818003,"armstrong","Pots"
"487",2.29374840688273,"armstrong","Pots"
"488",2.40304313322519,"armstrong","Pots"
"489",2.35373837784255,"armstrong","Pots"
"490",2.41969209719927,"armstrong","Pots"
"491",2.38525487892385,"armstrong","Pots"
"492",2.5211818653338,"armstrong","Pots"
"493",0.95209357274166,"armstrong","Pots"
"494",0.915834335896252,"armstrong","Pots"
"495",0.954689288752291,"armstrong","Pots"
"496",0.990061530186174,"armstrong","Pots"
"497",0.94928131463756,"armstrong","Pots"
"498",1.00215361798194,"armstrong","Pots"
"499",0.94994968790181,"armstrong","Pots"
"500",0.988912184577464,"armstrong","Pots"
"501",0.980933514829519,"armstrong","Pots"
"502",1.02148284964121,"armstrong","Pots"
"503",1.03733693176209,"armstrong","Pots"
"504",1.06190618354609,"armstrong","Pots"
"505",1.02351882505794,"armstrong","Pots"
"506",1.02246443894635,"armstrong","Pots"
"507",1.06054941641466,"armstrong","Pots"
"508",1.09529690267218,"armstrong","Pots"
"509",1.09753177937116,"armstrong","Pots"
"510",1.05980023413016,"armstrong","Pots"
"511",1.10079831511824,"armstrong","Pots"
"512",1.05523010446671,"armstrong","Pots"
"513",1.13159251467667,"armstrong","Pots"
"514",1.09506311536811,"armstrong","Pots"
"515",1.0584473237453,"armstrong","Pots"
"516",1.12725579801526,"armstrong","Pots"
"517",1.15436630516693,"armstrong","Pots"
"518",1.1810854894284,"armstrong","Pots"
"519",1.14275272104025,"armstrong","Pots"
"520",1.17715087941646,"armstrong","Pots"
"521",1.1936475722477,"armstrong","Pots"
"522",1.2521919735354,"armstrong","Pots"
"523",1.24793971676295,"armstrong","Pots"
"524",1.26230970150378,"armstrong","Pots"
"525",1.29833526056647,"armstrong","Pots"
"526",1.30604291756976,"armstrong","Pots"
"527",1.27604320607334,"armstrong","Pots"
"528",1.29509455509747,"armstrong","Pots"
"529",1.35321965055723,"armstrong","Pots"
"530",1.3456632668339,"armstrong","Pots"
"531",1.37874476283432,"armstrong","Pots"
"532",1.34238282333468,"armstrong","Pots"
"533",0.711814203549174,"armstrong","Pots"
"534",0.670319607301549,"armstrong","Pots"
"535",0.700559767485896,"armstrong","Pots"
"536",0.738581614933401,"armstrong","Pots"
"537",0.6912638469885,"armstrong","Pots"
"538",0.742700871506431,"armstrong","Pots"
"539",0.771813818905966,"armstrong","Pots"
"540",0.715334427992628,"armstrong","Pots"
"541",0.710509760046492,"armstrong","Pots"
"542",0.746794598862551,"armstrong","Pots"
"543",0.715040167593064,"armstrong","Pots"
"544",0.787991001689909,"armstrong","Pots"
"545",0.774457629835525,"armstrong","Pots"
"546",0.807237242117302,"armstrong","Pots"
"547",0.83256665319762,"armstrong","Pots"
"548",0.753781015569849,"armstrong","Pots"
"549",0.808741159241613,"armstrong","Pots"
"550",0.788468948888757,"armstrong","Pots"
"551",0.743104381245184,"armstrong","Pots"
"552",0.660927427753986,"armstrong","Pots"
"553",0.620460542456896,"armstrong","Pots"
"554",0.607841802787223,"armstrong","Pots"
"555",0.6407710812931,"armstrong","Pots"
"556",0.646275586221045,"armstrong","Pots"
"557",0.587740799537409,"armstrong","Pots"
"558",0.624415590692207,"armstrong","Pots"
"559",0.666320588851625,"armstrong","Pots"
"560",0.669505856606115,"armstrong","Pots"
"561",0.701146134384831,"armstrong","Pots"
"562",0.700595932776028,"armstrong","Pots"
"563",0.655007922448843,"armstrong","Pots"
"564",0.594385691162771,"armstrong","Pots"
"565",0.625127140739216,"armstrong","Pots"
"566",0.658355967058644,"armstrong","Pots"
"567",0.70629184085315,"armstrong","Pots"
"568",0.685885902390768,"armstrong","Pots"
"569",0.654154748421967,"armstrong","Pots"
"570",0.625947726226228,"armstrong","Pots"
"571",0.622814737878124,"armstrong","Pots"
"572",0.659136742543298,"armstrong","Pots"
"573",0.691803230188199,"armstrong","Pots"
"574",0.720047502187953,"armstrong","Pots"
"575",0.733007379572662,"armstrong","Pots"
"576",0.721123875933741,"armstrong","Pots"
"577",0.679462268875881,"armstrong","Pots"
"578",0.648098293813743,"armstrong","Pots"
"579",0.639194554182025,"armstrong","Pots"
"580",0.672698493265151,"armstrong","Pots"
"581",0.702100373441217,"armstrong","Pots"
"582",0.741417683348891,"armstrong","Pots"
"583",0.705745963320444,"armstrong","Pots"
"584",0.687952090985336,"armstrong","Pots"
"585",0.660497419258625,"armstrong","Pots"
"586",0.642881997621559,"armstrong","Pots"
"587",0.666016207384349,"armstrong","Pots"
"588",0.696452289952738,"armstrong","Pots"
"589",0.731003365992586,"armstrong","Pots"
"590",0.733517669045613,"armstrong","Pots"
"591",0.707201039785569,"armstrong","Pots"
"592",0.677372363342325,"armstrong","Pots"
"593",0.6855864133285,"armstrong","Pots"
"594",0.72534429290106,"armstrong","Pots"
"595",0.742034322651497,"armstrong","Pots"
"596",0.717273416085094,"armstrong","Pots"
"597",0.741496732690502,"armstrong","Pots"
"598",0.768711685898409,"armstrong","Pots"
"599",0.75864980511681,"armstrong","Pots"
"600",0.721233946424472,"armstrong","Pots"
"601",0.695264082686636,"armstrong","Pots"
"602",0.729634706379165,"armstrong","Pots"
"603",0.752832505356558,"armstrong","Pots"
"604",0.758394129916099,"armstrong","Pots"
"605",0.790034622374674,"armstrong","Pots"
"606",0.788363721816002,"armstrong","Pots"
"607",0.78394716532172,"armstrong","Pots"
"608",0.753939671028751,"armstrong","Pots"
"609",0.757537469845609,"armstrong","Pots"
"610",0.780265650967347,"armstrong","Pots"
"611",0.79964194971619,"armstrong","Pots"
"612",0.824549942969593,"armstrong","Pots"
"613",0.773655213195125,"armstrong","Pots"
"614",0.611306283414234,"armstrong","Pots"
"615",0.640662134669055,"armstrong","Pots"
"616",0.838200426440561,"armstrong","Pots"
"617",0.771771952697236,"armstrong","Pots"
"618",1.01139670963966,"armstrong","Pots"
"619",0.998113532271066,"armstrong","Pots"
"620",1.15073644970973,"armstrong","Pots"
"621",1.21936136736923,"armstrong","Pots"
"622",1.28564418685971,"armstrong","Pots"
"623",1.26458474284871,"armstrong","Pots"
"624",1.31457843100758,"armstrong","Pots"
"625",1.3466161650044,"armstrong","Pots"
"626",1.3662114824007,"armstrong","Pots"
"627",1.38803134293955,"armstrong","Pots"
"628",1.43479860045869,"armstrong","Pots"
"629",1.39289469551184,"armstrong","Pots"
"630",1.46395366438504,"armstrong","Pots"
"631",1.50988965544395,"armstrong","Pots"
"632",1.54447542921415,"armstrong","Pots"
"633",1.49519821534996,"armstrong","Pots"
"634",1.56422883227848,"armstrong","Pots"
"635",1.60568601257149,"armstrong","Pots"
"636",1.63736821247676,"armstrong","Pots"
"637",1.6001608282938,"armstrong","Pots"
"638",1.56116782923994,"armstrong","Pots"
"639",1.6330845154891,"armstrong","Pots"
"640",1.66929444584123,"armstrong","Pots"
"641",1.65192098413326,"armstrong","Pots"
"642",1.65152436403632,"armstrong","Pots"
"643",1.61320219599437,"armstrong","Pots"
"644",1.56931978067978,"armstrong","Pots"
"645",1.51524221662507,"armstrong","Pots"
"646",1.47266823791181,"armstrong","Pots"
"647",1.41145334007453,"armstrong","Pots"
"648",1.47421413433959,"armstrong","Pots"
"649",1.58685018799446,"armstrong","Pots"
"650",1.53582691852218,"armstrong","Pots"
"651",1.54397743093405,"armstrong","Pots"
"652",1.62877189427992,"armstrong","Pots"
"653",1.5830841498737,"armstrong","Pots"
"654",1.54451808366691,"armstrong","Pots"
"655",1.59127337363821,"armstrong","Pots"
"656",1.65572112093073,"armstrong","Pots"
"657",1.67218833960801,"armstrong","Pots"
"753",4.15146185379359,"armstrong","Pots"
"754",4.38022949775108,"armstrong","Pots"
"755",4.38059597544903,"armstrong","Pots"
"756",3.35493555897847,"armstrong","Pots"
"757",3.39573702606561,"armstrong","Pots"
"758",3.43753240922478,"armstrong","Pots"
"759",3.37344407950889,"armstrong","Pots"
"760",3.41781041865237,"armstrong","Pots"
"761",3.33408864221684,"armstrong","Pots"
"762",3.37374749826431,"armstrong","Pots"
"763",3.39355639600795,"armstrong","Pots"
"764",3.35867522405609,"armstrong","Pots"
"765",3.34359489871349,"armstrong","Pots"
"766",3.37119403933207,"armstrong","Pots"
"767",3.46991275194098,"armstrong","Pots"
"768",3.41737151859739,"armstrong","Pots"
"769",3.38308910818024,"armstrong","Pots"
"770",3.23584070682988,"armstrong","Pots"
"771",3.16507750356052,"armstrong","Pots"
"772",3.11647972021279,"armstrong","Pots"
"773",3.10435089081601,"armstrong","Pots"
"774",3.08250360845142,"armstrong","Pots"
"775",3.08189807490079,"armstrong","Pots"
"776",3.06911115480347,"armstrong","Pots"
"777",3.03362491096653,"armstrong","Pots"
"778",2.9905894200011,"armstrong","Pots"
"779",3.04244329142738,"armstrong","Pots"
"780",3.05480798869273,"armstrong","Pots"
"781",3.07983294277979,"armstrong","Pots"
"782",2.76120911145583,"armstrong","Pots"
"783",2.66148405651675,"armstrong","Pots"
"784",2.61610647277838,"armstrong","Pots"
"785",2.72986655234951,"armstrong","Pots"
"786",2.80090962206324,"armstrong","Pots"
"787",2.81524441251833,"armstrong","Pots"
"788",2.83939901128718,"armstrong","Pots"
"789",2.87431943998953,"armstrong","Pots"
"790",2.92081313568826,"armstrong","Pots"
"791",2.92797479380404,"armstrong","Pots"
"792",2.90311569568717,"armstrong","Pots"
"793",2.97235059525233,"armstrong","Pots"
"794",2.97466790843973,"armstrong","Pots"
"795",3.01495088586555,"armstrong","Pots"
"796",3.03115290647526,"armstrong","Pots"
"1",0.5877408,"armstrong","NULL"
"2",0.597391831043257,"armstrong","NULL"
"3",0.607042862086514,"armstrong","NULL"
"4",0.616693893129771,"armstrong","NULL"
"5",0.626344924173028,"armstrong","NULL"
"6",0.635995955216285,"armstrong","NULL"
"7",0.645646986259542,"armstrong","NULL"
"8",0.655298017302799,"armstrong","NULL"
"9",0.664949048346056,"armstrong","NULL"
"10",0.674600079389313,"armstrong","NULL"
"11",0.68425111043257,"armstrong","NULL"
"1210",0.693902141475827,"armstrong","NULL"
"13",0.703553172519084,"armstrong","NULL"
"1410",0.713204203562341,"armstrong","NULL"
"15",0.722855234605598,"armstrong","NULL"
"16",0.732506265648855,"armstrong","NULL"
"17",0.742157296692112,"armstrong","NULL"
"18",0.751808327735369,"armstrong","NULL"
"19",0.761459358778626,"armstrong","NULL"
"2010",0.771110389821883,"armstrong","NULL"
"21",0.78076142086514,"armstrong","NULL"
"22",0.790412451908397,"armstrong","NULL"
"2310",0.800063482951654,"armstrong","NULL"
"2410",0.809714513994911,"armstrong","NULL"
"2510",0.819365545038168,"armstrong","NULL"
"2610",0.829016576081425,"armstrong","NULL"
"2710",0.838667607124682,"armstrong","NULL"
"2810",0.848318638167939,"armstrong","NULL"
"2910",0.857969669211196,"armstrong","NULL"
"30",0.867620700254453,"armstrong","NULL"
"31",0.87727173129771,"armstrong","NULL"
"32",0.886922762340967,"armstrong","NULL"
"3310",0.896573793384224,"armstrong","NULL"
"3410",0.906224824427481,"armstrong","NULL"
"3510",0.915875855470738,"armstrong","NULL"
"3610",0.925526886513995,"armstrong","NULL"
"3710",0.935177917557252,"armstrong","NULL"
"3810",0.944828948600509,"armstrong","NULL"
"395",0.954479979643766,"armstrong","NULL"
"401",0.964131010687023,"armstrong","NULL"
"411",0.97378204173028,"armstrong","NULL"
"421",0.983433072773537,"armstrong","NULL"
"431",0.993084103816794,"armstrong","NULL"
"4410",1.00273513486005,"armstrong","NULL"
"4510",1.01238616590331,"armstrong","NULL"
"4610",1.02203719694656,"armstrong","NULL"
"4710",1.03168822798982,"armstrong","NULL"
"4810",1.04133925903308,"armstrong","NULL"
"4910",1.05099029007634,"armstrong","NULL"
"5010",1.06064132111959,"armstrong","NULL"
"5110",1.07029235216285,"armstrong","NULL"
"5210",1.07994338320611,"armstrong","NULL"
"5310",1.08959441424936,"armstrong","NULL"
"5410",1.09924544529262,"armstrong","NULL"
"5510",1.10889647633588,"armstrong","NULL"
"5610",1.11854750737913,"armstrong","NULL"
"5710",1.12819853842239,"armstrong","NULL"
"5810",1.13784956946565,"armstrong","NULL"
"5910",1.14750060050891,"armstrong","NULL"
"6010",1.15715163155216,"armstrong","NULL"
"6110",1.16680266259542,"armstrong","NULL"
"6210",1.17645369363868,"armstrong","NULL"
"6310",1.18610472468193,"armstrong","NULL"
"6410",1.19575575572519,"armstrong","NULL"
"6510",1.20540678676845,"armstrong","NULL"
"6610",1.2150578178117,"armstrong","NULL"
"6710",1.22470884885496,"armstrong","NULL"
"6810",1.23435987989822,"armstrong","NULL"
"6910",1.24401091094148,"armstrong","NULL"
"7010",1.25366194198473,"armstrong","NULL"
"7110",1.26331297302799,"armstrong","NULL"
"7210",1.27296400407125,"armstrong","NULL"
"7310",1.2826150351145,"armstrong","NULL"
"746",1.29226606615776,"armstrong","NULL"
"751",1.30191709720102,"armstrong","NULL"
"7610",1.31156812824427,"armstrong","NULL"
"7710",1.32121915928753,"armstrong","NULL"
"7810",1.33087019033079,"armstrong","NULL"
"797",1.34052122137405,"armstrong","NULL"
"801",1.3501722524173,"armstrong","NULL"
"811",1.35982328346056,"armstrong","NULL"
"821",1.36947431450382,"armstrong","NULL"
"831",1.37912534554707,"armstrong","NULL"
"841",1.38877637659033,"armstrong","NULL"
"851",1.39842740763359,"armstrong","NULL"
"861",1.40807843867684,"armstrong","NULL"
"871",1.4177294697201,"armstrong","NULL"
"881",1.42738050076336,"armstrong","NULL"
"891",1.43703153180662,"armstrong","NULL"
"901",1.44668256284987,"armstrong","NULL"
"911",1.45633359389313,"armstrong","NULL"
"921",1.46598462493639,"armstrong","NULL"
"931",1.47563565597964,"armstrong","NULL"
"941",1.4852866870229,"armstrong","NULL"
"951",1.49493771806616,"armstrong","NULL"
"961",1.50458874910941,"armstrong","NULL"
"971",1.51423978015267,"armstrong","NULL"
"981",1.52389081119593,"armstrong","NULL"
"991",1.53354184223919,"armstrong","NULL"
"1001",1.54319287328244,"armstrong","NULL"
"1011",1.5528439043257,"armstrong","NULL"
"1021",1.56249493536896,"armstrong","NULL"
"1031",1.57214596641221,"armstrong","NULL"
"1041",1.58179699745547,"armstrong","NULL"
"1051",1.59144802849873,"armstrong","NULL"
"1061",1.60109905954198,"armstrong","NULL"
"1071",1.61075009058524,"armstrong","NULL"
"1081",1.6204011216285,"armstrong","NULL"
"1091",1.63005215267176,"armstrong","NULL"
"1101",1.63970318371501,"armstrong","NULL"
"1111",1.64935421475827,"armstrong","NULL"
"1121",1.65900524580153,"armstrong","NULL"
"1131",1.66865627684478,"armstrong","NULL"
"1141",1.67830730788804,"armstrong","NULL"
"1151",1.6879583389313,"armstrong","NULL"
"1161",1.69760936997455,"armstrong","NULL"
"1171",1.70726040101781,"armstrong","NULL"
"1181",1.71691143206107,"armstrong","NULL"
"1191",1.72656246310433,"armstrong","NULL"
"1201",1.73621349414758,"armstrong","NULL"
"1211",1.74586452519084,"armstrong","NULL"
"1221",1.7555155562341,"armstrong","NULL"
"1231",1.76516658727735,"armstrong","NULL"
"1241",1.77481761832061,"armstrong","NULL"
"1251",1.78446864936387,"armstrong","NULL"
"1261",1.79411968040712,"armstrong","NULL"
"1271",1.80377071145038,"armstrong","NULL"
"1281",1.81342174249364,"armstrong","NULL"
"1291",1.8230727735369,"armstrong","NULL"
"1301",1.83272380458015,"armstrong","NULL"
"1311",1.84237483562341,"armstrong","NULL"
"1321",1.85202586666667,"armstrong","NULL"
"1331",1.86167689770992,"armstrong","NULL"
"1341",1.87132792875318,"armstrong","NULL"
"1351",1.88097895979644,"armstrong","NULL"
"1361",1.89062999083969,"armstrong","NULL"
"1371",1.90028102188295,"armstrong","NULL"
"1381",1.90993205292621,"armstrong","NULL"
"1391",1.91958308396947,"armstrong","NULL"
"1401",1.92923411501272,"armstrong","NULL"
"1411",1.93888514605598,"armstrong","NULL"
"1421",1.94853617709924,"armstrong","NULL"
"1431",1.95818720814249,"armstrong","NULL"
"1441",1.96783823918575,"armstrong","NULL"
"1451",1.97748927022901,"armstrong","NULL"
"1461",1.98714030127226,"armstrong","NULL"
"1471",1.99679133231552,"armstrong","NULL"
"1481",2.00644236335878,"armstrong","NULL"
"1491",2.01609339440204,"armstrong","NULL"
"1501",2.02574442544529,"armstrong","NULL"
"1511",2.03539545648855,"armstrong","NULL"
"1521",2.04504648753181,"armstrong","NULL"
"153",2.05469751857506,"armstrong","NULL"
"154",2.06434854961832,"armstrong","NULL"
"155",2.07399958066158,"armstrong","NULL"
"156",2.08365061170483,"armstrong","NULL"
"157",2.09330164274809,"armstrong","NULL"
"158",2.10295267379135,"armstrong","NULL"
"159",2.11260370483461,"armstrong","NULL"
"160",2.12225473587786,"armstrong","NULL"
"161",2.13190576692112,"armstrong","NULL"
"162",2.14155679796438,"armstrong","NULL"
"163",2.15120782900763,"armstrong","NULL"
"164",2.16085886005089,"armstrong","NULL"
"165",2.17050989109415,"armstrong","NULL"
"166",2.1801609221374,"armstrong","NULL"
"167",2.18981195318066,"armstrong","NULL"
"168",2.19946298422392,"armstrong","NULL"
"169",2.20911401526718,"armstrong","NULL"
"170",2.21876504631043,"armstrong","NULL"
"171",2.22841607735369,"armstrong","NULL"
"172",2.23806710839695,"armstrong","NULL"
"173",2.2477181394402,"armstrong","NULL"
"174",2.25736917048346,"armstrong","NULL"
"175",2.26702020152672,"armstrong","NULL"
"176",2.27667123256997,"armstrong","NULL"
"177",2.28632226361323,"armstrong","NULL"
"178",2.29597329465649,"armstrong","NULL"
"179",2.30562432569975,"armstrong","NULL"
"180",2.315275356743,"armstrong","NULL"
"181",2.32492638778626,"armstrong","NULL"
"182",2.33457741882952,"armstrong","NULL"
"183",2.34422844987277,"armstrong","NULL"
"184",2.35387948091603,"armstrong","NULL"
"185",2.36353051195929,"armstrong","NULL"
"186",2.37318154300254,"armstrong","NULL"
"187",2.3828325740458,"armstrong","NULL"
"188",2.39248360508906,"armstrong","NULL"
"189",2.40213463613232,"armstrong","NULL"
"190",2.41178566717557,"armstrong","NULL"
"191",2.42143669821883,"armstrong","NULL"
"192",2.43108772926209,"armstrong","NULL"
"193",2.44073876030534,"armstrong","NULL"
"194",2.4503897913486,"armstrong","NULL"
"195",2.46004082239186,"armstrong","NULL"
"196",2.46969185343511,"armstrong","NULL"
"197",2.47934288447837,"armstrong","NULL"
"198",2.48899391552163,"armstrong","NULL"
"199",2.49864494656489,"armstrong","NULL"
"200",2.50829597760814,"armstrong","NULL"
"201",2.5179470086514,"armstrong","NULL"
"202",2.52759803969466,"armstrong","NULL"
"203",2.53724907073791,"armstrong","NULL"
"204",2.54690010178117,"armstrong","NULL"
"205",2.55655113282443,"armstrong","NULL"
"206",2.56620216386768,"armstrong","NULL"
"207",2.57585319491094,"armstrong","NULL"
"208",2.5855042259542,"armstrong","NULL"
"209",2.59515525699746,"armstrong","NULL"
"210",2.60480628804071,"armstrong","NULL"
"211",2.61445731908397,"armstrong","NULL"
"212",2.62410835012723,"armstrong","NULL"
"213",2.63375938117048,"armstrong","NULL"
"214",2.64341041221374,"armstrong","NULL"
"215",2.653061443257,"armstrong","NULL"
"216",2.66271247430025,"armstrong","NULL"
"217",2.67236350534351,"armstrong","NULL"
"218",2.68201453638677,"armstrong","NULL"
"219",2.69166556743003,"armstrong","NULL"
"220",2.70131659847328,"armstrong","NULL"
"221",2.71096762951654,"armstrong","NULL"
"222",2.7206186605598,"armstrong","NULL"
"223",2.73026969160305,"armstrong","NULL"
"224",2.73992072264631,"armstrong","NULL"
"225",2.74957175368957,"armstrong","NULL"
"226",2.75922278473282,"armstrong","NULL"
"227",2.76887381577608,"armstrong","NULL"
"228",2.77852484681934,"armstrong","NULL"
"229",2.7881758778626,"armstrong","NULL"
"230",2.79782690890585,"armstrong","NULL"
"231",2.80747793994911,"armstrong","NULL"
"232",2.81712897099237,"armstrong","NULL"
"233",2.82678000203562,"armstrong","NULL"
"234",2.83643103307888,"armstrong","NULL"
"235",2.84608206412214,"armstrong","NULL"
"236",2.85573309516539,"armstrong","NULL"
"237",2.86538412620865,"armstrong","NULL"
"238",2.87503515725191,"armstrong","NULL"
"239",2.88468618829517,"armstrong","NULL"
"240",2.89433721933842,"armstrong","NULL"
"241",2.90398825038168,"armstrong","NULL"
"242",2.91363928142494,"armstrong","NULL"
"243",2.92329031246819,"armstrong","NULL"
"244",2.93294134351145,"armstrong","NULL"
"245",2.94259237455471,"armstrong","NULL"
"246",2.95224340559796,"armstrong","NULL"
"247",2.96189443664122,"armstrong","NULL"
"248",2.97154546768448,"armstrong","NULL"
"249",2.98119649872774,"armstrong","NULL"
"250",2.99084752977099,"armstrong","NULL"
"251",3.00049856081425,"armstrong","NULL"
"252",3.01014959185751,"armstrong","NULL"
"253",3.01980062290076,"armstrong","NULL"
"254",3.02945165394402,"armstrong","NULL"
"255",3.03910268498728,"armstrong","NULL"
"256",3.04875371603053,"armstrong","NULL"
"257",3.05840474707379,"armstrong","NULL"
"258",3.06805577811705,"armstrong","NULL"
"259",3.07770680916031,"armstrong","NULL"
"260",3.08735784020356,"armstrong","NULL"
"261",3.09700887124682,"armstrong","NULL"
"262",3.10665990229008,"armstrong","NULL"
"263",3.11631093333333,"armstrong","NULL"
"2641",3.12596196437659,"armstrong","NULL"
"2651",3.13561299541985,"armstrong","NULL"
"2661",3.1452640264631,"armstrong","NULL"
"2671",3.15491505750636,"armstrong","NULL"
"2681",3.16456608854962,"armstrong","NULL"
"2691",3.17421711959288,"armstrong","NULL"
"2701",3.18386815063613,"armstrong","NULL"
"2711",3.19351918167939,"armstrong","NULL"
"2721",3.20317021272265,"armstrong","NULL"
"2731",3.2128212437659,"armstrong","NULL"
"2741",3.22247227480916,"armstrong","NULL"
"2751",3.23212330585242,"armstrong","NULL"
"2761",3.24177433689567,"armstrong","NULL"
"2771",3.25142536793893,"armstrong","NULL"
"2781",3.26107639898219,"armstrong","NULL"
"2791",3.27072743002545,"armstrong","NULL"
"2801",3.2803784610687,"armstrong","NULL"
"2811",3.29002949211196,"armstrong","NULL"
"2821",3.29968052315522,"armstrong","NULL"
"2831",3.30933155419847,"armstrong","NULL"
"2841",3.31898258524173,"armstrong","NULL"
"2851",3.32863361628499,"armstrong","NULL"
"2861",3.33828464732824,"armstrong","NULL"
"2871",3.3479356783715,"armstrong","NULL"
"2881",3.35758670941476,"armstrong","NULL"
"2891",3.36723774045802,"armstrong","NULL"
"2901",3.37688877150127,"armstrong","NULL"
"2911",3.38653980254453,"armstrong","NULL"
"2921",3.39619083358779,"armstrong","NULL"
"2931",3.40584186463104,"armstrong","NULL"
"2941",3.4154928956743,"armstrong","NULL"
"2951",3.42514392671756,"armstrong","NULL"
"296",3.43479495776081,"armstrong","NULL"
"297",3.44444598880407,"armstrong","NULL"
"298",3.45409701984733,"armstrong","NULL"
"299",3.46374805089058,"armstrong","NULL"
"300",3.47339908193384,"armstrong","NULL"
"301",3.4830501129771,"armstrong","NULL"
"302",3.49270114402036,"armstrong","NULL"
"303",3.50235217506361,"armstrong","NULL"
"304",3.51200320610687,"armstrong","NULL"
"305",3.52165423715013,"armstrong","NULL"
"306",3.53130526819338,"armstrong","NULL"
"307",3.54095629923664,"armstrong","NULL"
"308",3.5506073302799,"armstrong","NULL"
"309",3.56025836132316,"armstrong","NULL"
"310",3.56990939236641,"armstrong","NULL"
"311",3.57956042340967,"armstrong","NULL"
"312",3.58921145445293,"armstrong","NULL"
"313",3.59886248549618,"armstrong","NULL"
"314",3.60851351653944,"armstrong","NULL"
"315",3.6181645475827,"armstrong","NULL"
"316",3.62781557862595,"armstrong","NULL"
"317",3.63746660966921,"armstrong","NULL"
"318",3.64711764071247,"armstrong","NULL"
"319",3.65676867175573,"armstrong","NULL"
"320",3.66641970279898,"armstrong","NULL"
"321",3.67607073384224,"armstrong","NULL"
"322",3.6857217648855,"armstrong","NULL"
"323",3.69537279592875,"armstrong","NULL"
"324",3.70502382697201,"armstrong","NULL"
"325",3.71467485801527,"armstrong","NULL"
"326",3.72432588905852,"armstrong","NULL"
"327",3.73397692010178,"armstrong","NULL"
"328",3.74362795114504,"armstrong","NULL"
"329",3.7532789821883,"armstrong","NULL"
"330",3.76293001323155,"armstrong","NULL"
"331",3.77258104427481,"armstrong","NULL"
"332",3.78223207531807,"armstrong","NULL"
"333",3.79188310636132,"armstrong","NULL"
"334",3.80153413740458,"armstrong","NULL"
"335",3.81118516844784,"armstrong","NULL"
"336",3.82083619949109,"armstrong","NULL"
"337",3.83048723053435,"armstrong","NULL"
"338",3.84013826157761,"armstrong","NULL"
"339",3.84978929262086,"armstrong","NULL"
"340",3.85944032366412,"armstrong","NULL"
"341",3.86909135470738,"armstrong","NULL"
"342",3.87874238575064,"armstrong","NULL"
"343",3.88839341679389,"armstrong","NULL"
"344",3.89804444783715,"armstrong","NULL"
"345",3.90769547888041,"armstrong","NULL"
"346",3.91734650992366,"armstrong","NULL"
"347",3.92699754096692,"armstrong","NULL"
"348",3.93664857201018,"armstrong","NULL"
"349",3.94629960305344,"armstrong","NULL"
"350",3.95595063409669,"armstrong","NULL"
"351",3.96560166513995,"armstrong","NULL"
"352",3.97525269618321,"armstrong","NULL"
"353",3.98490372722646,"armstrong","NULL"
"354",3.99455475826972,"armstrong","NULL"
"355",4.00420578931298,"armstrong","NULL"
"356",4.01385682035623,"armstrong","NULL"
"357",4.02350785139949,"armstrong","NULL"
"358",4.03315888244275,"armstrong","NULL"
"359",4.04280991348601,"armstrong","NULL"
"360",4.05246094452926,"armstrong","NULL"
"361",4.06211197557252,"armstrong","NULL"
"362",4.07176300661578,"armstrong","NULL"
"363",4.08141403765903,"armstrong","NULL"
"364",4.09106506870229,"armstrong","NULL"
"365",4.10071609974555,"armstrong","NULL"
"366",4.1103671307888,"armstrong","NULL"
"367",4.12001816183206,"armstrong","NULL"
"368",4.12966919287532,"armstrong","NULL"
"369",4.13932022391857,"armstrong","NULL"
"370",4.14897125496183,"armstrong","NULL"
"371",4.15862228600509,"armstrong","NULL"
"372",4.16827331704835,"armstrong","NULL"
"373",4.1779243480916,"armstrong","NULL"
"374",4.18757537913486,"armstrong","NULL"
"375",4.19722641017812,"armstrong","NULL"
"376",4.20687744122137,"armstrong","NULL"
"377",4.21652847226463,"armstrong","NULL"
"378",4.22617950330789,"armstrong","NULL"
"379",4.23583053435115,"armstrong","NULL"
"380",4.2454815653944,"armstrong","NULL"
"381",4.25513259643766,"armstrong","NULL"
"382",4.26478362748092,"armstrong","NULL"
"383",4.27443465852417,"armstrong","NULL"
"384",4.28408568956743,"armstrong","NULL"
"385",4.29373672061069,"armstrong","NULL"
"386",4.30338775165394,"armstrong","NULL"
"387",4.3130387826972,"armstrong","NULL"
"388",4.32268981374046,"armstrong","NULL"
"389",4.33234084478372,"armstrong","NULL"
"390",4.34199187582697,"armstrong","NULL"
"391",4.35164290687023,"armstrong","NULL"
"392",4.36129393791349,"armstrong","NULL"
"393",4.37094496895674,"armstrong","NULL"
"394",4.380596,"armstrong","NULL"
"1100",0.5249063,"green","NULL"
"2100",0.581969891428571,"green","NULL"
"396",0.639033482857143,"green","NULL"
"410",0.696097074285714,"green","NULL"
"5100",0.753160665714286,"green","NULL"
"6100",0.810224257142857,"green","NULL"
"747",0.867287848571429,"green","NULL"
"810",0.92435144,"green","NULL"
"910",0.981415031428571,"green","NULL"
"1010",1.03847862285714,"green","NULL"
"1110",1.09554221428571,"green","NULL"
"1212",1.15260580571429,"green","NULL"
"1310",1.20966939714286,"green","NULL"
"1412",1.26673298857143,"green","NULL"
"1510",1.32379658,"green","NULL"
"1610",1.38086017142857,"green","NULL"
"1710",1.43792376285714,"green","NULL"
"1810",1.49498735428571,"green","NULL"
"1910",1.55205094571429,"green","NULL"
"2011",1.60911453714286,"green","NULL"
"2110",1.66617812857143,"green","NULL"
"2210",1.72324172,"green","NULL"
"2311",1.78030531142857,"green","NULL"
"2411",1.83736890285714,"green","NULL"
"2511",1.89443249428571,"green","NULL"
"2611",1.95149608571429,"green","NULL"
"2712",2.00855967714286,"green","NULL"
"2812",2.06562326857143,"green","NULL"
"2912",2.12268686,"green","NULL"
"3010",2.17975045142857,"green","NULL"
"3110",2.23681404285714,"green","NULL"
"3210",2.29387763428571,"green","NULL"
"3311",2.35094122571429,"green","NULL"
"3411",2.40800481714286,"green","NULL"
"3511",2.46506840857143,"green","NULL"
"3611",2.522132,"green","NULL"
"1102",0.5155369,"parker","NULL"
"2101",0.544934009638554,"parker","NULL"
"397",0.574331119277108,"parker","NULL"
"412",0.603728228915663,"parker","NULL"
"5101",0.633125338554217,"parker","NULL"
"6101",0.662522448192771,"parker","NULL"
"748",0.691919557831325,"parker","NULL"
"812",0.721316667469879,"parker","NULL"
"912",0.750713777108434,"parker","NULL"
"1012",0.780110886746988,"parker","NULL"
"1112",0.809507996385542,"parker","NULL"
"1213",0.838905106024096,"parker","NULL"
"1312",0.868302215662651,"parker","NULL"
"1413",0.897699325301205,"parker","NULL"
"1512",0.927096434939759,"parker","NULL"
"1611",0.956493544578313,"parker","NULL"
"1711",0.985890654216868,"parker","NULL"
"1811",1.01528776385542,"parker","NULL"
"1911",1.04468487349398,"parker","NULL"
"2012",1.07408198313253,"parker","NULL"
"2111",1.10347909277108,"parker","NULL"
"2211",1.13287620240964,"parker","NULL"
"2312",1.16227331204819,"parker","NULL"
"2412",1.19167042168675,"parker","NULL"
"2512",1.2210675313253,"parker","NULL"
"2612",1.25046464096386,"parker","NULL"
"2713",1.27986175060241,"parker","NULL"
"2813",1.30925886024096,"parker","NULL"
"2913",1.33865596987952,"parker","NULL"
"3011",1.36805307951807,"parker","NULL"
"3111",1.39745018915663,"parker","NULL"
"3211",1.42684729879518,"parker","NULL"
"3312",1.45624440843373,"parker","NULL"
"3412",1.48564151807229,"parker","NULL"
"3512",1.51503862771084,"parker","NULL"
"3612",1.5444357373494,"parker","NULL"
"3711",1.57383284698795,"parker","NULL"
"3811",1.60322995662651,"parker","NULL"
"398",1.63262706626506,"parker","NULL"
"402",1.66202417590361,"parker","NULL"
"413",1.69142128554217,"parker","NULL"
"422",1.72081839518072,"parker","NULL"
"432",1.75021550481928,"parker","NULL"
"4411",1.77961261445783,"parker","NULL"
"4511",1.80900972409639,"parker","NULL"
"4611",1.83840683373494,"parker","NULL"
"4711",1.86780394337349,"parker","NULL"
"4811",1.89720105301205,"parker","NULL"
"4911",1.9265981626506,"parker","NULL"
"5011",1.95599527228916,"parker","NULL"
"5111",1.98539238192771,"parker","NULL"
"5211",2.01478949156626,"parker","NULL"
"5311",2.04418660120482,"parker","NULL"
"5411",2.07358371084337,"parker","NULL"
"5511",2.10298082048193,"parker","NULL"
"5611",2.13237793012048,"parker","NULL"
"5711",2.16177503975904,"parker","NULL"
"5811",2.19117214939759,"parker","NULL"
"5911",2.22056925903614,"parker","NULL"
"6011",2.2499663686747,"parker","NULL"
"6111",2.27936347831325,"parker","NULL"
"6211",2.30876058795181,"parker","NULL"
"6311",2.33815769759036,"parker","NULL"
"6411",2.36755480722892,"parker","NULL"
"6511",2.39695191686747,"parker","NULL"
"6611",2.42634902650602,"parker","NULL"
"6711",2.45574613614458,"parker","NULL"
"6811",2.48514324578313,"parker","NULL"
"6911",2.51454035542169,"parker","NULL"
"7011",2.54393746506024,"parker","NULL"
"7111",2.5733345746988,"parker","NULL"
"7211",2.60273168433735,"parker","NULL"
"7311",2.6321287939759,"parker","NULL"
"749",2.66152590361446,"parker","NULL"
"752",2.69092301325301,"parker","NULL"
"7611",2.72032012289157,"parker","NULL"
"7711",2.74971723253012,"parker","NULL"
"7811",2.77911434216867,"parker","NULL"
"798",2.80851145180723,"parker","NULL"
"802",2.83790856144578,"parker","NULL"
"813",2.86730567108434,"parker","NULL"
"822",2.89670278072289,"parker","NULL"
"832",2.92609989036145,"parker","NULL"
"842",2.955497,"parker","NULL"
